{
  "DOFPN": 6,
  "NNPEL": 2,
  "NEL": 5,
  "ECON": [
    [
      0,
      1
    ],
    [
      1,
      2
    ],
    [
      2,
      3
    ],
    [
      3,
      4
    ],
    [
      4,
      5
    ]
  ],
  "elemGlobalCoord": [
    [
      0.0,
      0.2
    ],
    [
      0.2,
      0.4
    ],
    [
      0.4,
      0.6000000000000001
    ],
    [
      0.6000000000000001,
      0.8
    ],
    [
      0.8,
      1.0
    ]
  ],
  "boundaryE": {
    "Elem": [
      0
    ],
    "Nodes": [
      0
    ],
    "Values": [
      [
        0.0,
        0.0,
        0.0,
        0.0,
        0.0,
        0.0
      ]
    ]
  },
  "boundaryN": {
    "Elem": [
      4
    ],
    "Nodes": [
      1
    ],
    "Values": [
      [
        -5000000.0,
        -5000000.0,
        0.0,
        0.0,
        0.0,
        0.0
      ]
    ]
  },
  "inMatModF": [
    [
      3048000000.0,
      0.0,
      0.0
    ],
    [
      0.0,
      3048000000.0,
      0.0
    ],
    [
      0.0,
      0.0,
      1511790000.0
    ]
  ],
  "inMatModM": [
    [
      2816583.0,
      0.0,
      0.0
    ],
    [
      0.0,
      2816583.0,
      0.0
    ],
    [
      0.0,
      0.0,
      2145968.0
    ]
  ],
  "NGQP": 1,
  " 'appForce': self.appForce, 'appMoment': self.appMoment, Jacobian": [
    [
      0.1
    ],
    [
      0.1
    ],
    [
      0.10000000000000003
    ],
    [
      0.09999999999999998
    ],
    [
      0.09999999999999998
    ]
  ],
  "phi_o": [
    [
      0.0,
      0.0,
      0.0
    ],
    [
      0.0,
      0.0,
      0.2
    ],
    [
      0.0,
      0.0,
      0.4
    ],
    [
      0.0,
      0.0,
      0.6000000000000001
    ],
    [
      0.0,
      0.0,
      0.8
    ],
    [
      0.0,
      0.0,
      1.0
    ]
  ],
  "interp": [
    [
      0.5
    ],
    [
      0.5
    ]
  ],
  "interpD": [
    [
      -0.5
    ],
    [
      0.5
    ]
  ],
  "gaussWt": [
    2.0
  ],
  "permutation": [
    [
      [
        0.0,
        0.0,
        0.0
      ],
      [
        0.0,
        0.0,
        1.0
      ],
      [
        0.0,
        -1.0,
        0.0
      ]
    ],
    [
      [
        0.0,
        0.0,
        -1.0
      ],
      [
        0.0,
        0.0,
        0.0
      ],
      [
        1.0,
        0.0,
        0.0
      ]
    ],
    [
      [
        0.0,
        1.0,
        0.0
      ],
      [
        -1.0,
        0.0,
        0.0
      ],
      [
        0.0,
        0.0,
        0.0
      ]
    ]
  ]
}